{
    "name": "root",
    "metadata": {
        "timer_format_version": "0.1.0",
        "start_time_seconds": "1750655480",
        "python_version": "3.9.23 (main, Jun  5 2025, 08:49:36) \n[Clang 14.0.6 ]",
        "command_line_arguments": "/opt/homebrew/Caskroom/miniconda/base/envs/mlagents/bin/mlagents-learn car_config.yaml --run-id=car7 --time-scale=100 --resume",
        "mlagents_version": "0.30.0",
        "mlagents_envs_version": "0.30.0",
        "communication_protocol_version": "1.5.0",
        "pytorch_version": "1.11.0",
        "numpy_version": "1.21.2",
        "end_time_seconds": "1750655561"
    },
    "total": 80.912864,
    "count": 1,
    "self": 0.005365667000006624,
    "children": {
        "run_training.setup": {
            "total": 0.014604583000000115,
            "count": 1,
            "self": 0.014604583000000115
        },
        "TrainerController.start_learning": {
            "total": 80.89289375,
            "count": 1,
            "self": 0.001080541000007429,
            "children": {
                "TrainerController._reset_env": {
                    "total": 8.413759542,
                    "count": 1,
                    "self": 8.413759542
                },
                "TrainerController.advance": {
                    "total": 72.39392066699999,
                    "count": 19,
                    "self": 0.0003813329999928783,
                    "children": {
                        "env_step": {
                            "total": 72.386850668,
                            "count": 19,
                            "self": 72.37173820800001,
                            "children": {
                                "SubprocessEnvManager._take_step": {
                                    "total": 0.014956374999995248,
                                    "count": 19,
                                    "self": 0.0007522509999926541,
                                    "children": {
                                        "TorchPolicy.evaluate": {
                                            "total": 0.014204124000002594,
                                            "count": 18,
                                            "self": 0.014204124000002594
                                        }
                                    }
                                },
                                "workers": {
                                    "total": 0.00015608499999331116,
                                    "count": 18,
                                    "self": 0.0,
                                    "children": {
                                        "worker_root": {
                                            "total": 11.138748253000003,
                                            "count": 18,
                                            "is_parallel": true,
                                            "self": 0.06568121000000282,
                                            "children": {
                                                "steps_from_proto": {
                                                    "total": 0.0024154169999999198,
                                                    "count": 1,
                                                    "is_parallel": true,
                                                    "self": 0.0005614999999998815,
                                                    "children": {
                                                        "_process_rank_one_or_two_observation": {
                                                            "total": 0.0018539170000000382,
                                                            "count": 2,
                                                            "is_parallel": true,
                                                            "self": 0.0018539170000000382
                                                        }
                                                    }
                                                },
                                                "UnityEnvironment.step": {
                                                    "total": 11.070651626,
                                                    "count": 18,
                                                    "is_parallel": true,
                                                    "self": 0.0007677080000032532,
                                                    "children": {
                                                        "UnityEnvironment._generate_step_input": {
                                                            "total": 0.0025364999999943905,
                                                            "count": 18,
                                                            "is_parallel": true,
                                                            "self": 0.0025364999999943905
                                                        },
                                                        "communicator.exchange": {
                                                            "total": 11.064632793000001,
                                                            "count": 18,
                                                            "is_parallel": true,
                                                            "self": 11.064632793000001
                                                        },
                                                        "steps_from_proto": {
                                                            "total": 0.0027146250000011918,
                                                            "count": 18,
                                                            "is_parallel": true,
                                                            "self": 0.0009217960000036385,
                                                            "children": {
                                                                "_process_rank_one_or_two_observation": {
                                                                    "total": 0.0017928289999975533,
                                                                    "count": 36,
                                                                    "is_parallel": true,
                                                                    "self": 0.0017928289999975533
                                                                }
                                                            }
                                                        }
                                                    }
                                                }
                                            }
                                        }
                                    }
                                }
                            }
                        },
                        "trainer_advance": {
                            "total": 0.0066886660000058384,
                            "count": 18,
                            "self": 0.00017254100000840822,
                            "children": {
                                "process_trajectory": {
                                    "total": 0.00651612499999743,
                                    "count": 18,
                                    "self": 0.00651612499999743
                                }
                            }
                        }
                    }
                },
                "TrainerController._save_models": {
                    "total": 0.08413300000000845,
                    "count": 1,
                    "self": 0.0009187080000003789,
                    "children": {
                        "RLTrainer._checkpoint": {
                            "total": 0.08321429200000807,
                            "count": 1,